frame_number,face_index,bounding_box,prediction_prob,label,face_image_path
0,0,"(351,65,470,224)",0.37,REAL,processed_frames/20251009_133950/frame0_face0.jpg
1,0,"(352,68,468,220)",0.00,REAL,processed_frames/20251009_133950/frame1_face0.jpg
2,0,"(353,66,470,219)",0.00,REAL,processed_frames/20251009_133950/frame2_face0.jpg
3,0,"(354,66,469,219)",0.00,REAL,processed_frames/20251009_133950/frame3_face0.jpg
4,0,"(354,67,469,218)",0.05,REAL,processed_frames/20251009_133950/frame4_face0.jpg
5,0,"(353,67,468,218)",0.05,REAL,processed_frames/20251009_133950/frame5_face0.jpg
6,0,"(352,67,467,218)",0.12,REAL,processed_frames/20251009_133950/frame6_face0.jpg
7,0,"(350,73,464,220)",0.18,REAL,processed_frames/20251009_133950/frame7_face0.jpg
8,0,"(353,69,468,221)",0.16,REAL,processed_frames/20251009_133950/frame8_face0.jpg
9,0,"(352,69,468,222)",0.13,REAL,processed_frames/20251009_133950/frame9_face0.jpg
10,0,"(352,72,465,221)",0.04,REAL,processed_frames/20251009_133950/frame10_face0.jpg
11,0,"(352,72,465,223)",0.05,REAL,processed_frames/20251009_133950/frame11_face0.jpg
12,0,"(354,73,465,224)",0.00,REAL,processed_frames/20251009_133950/frame12_face0.jpg
13,0,"(348,74,467,230)",0.01,REAL,processed_frames/20251009_133950/frame13_face0.jpg
14,0,"(346,73,464,230)",0.01,REAL,processed_frames/20251009_133950/frame14_face0.jpg
15,0,"(346,75,465,231)",0.01,REAL,processed_frames/20251009_133950/frame15_face0.jpg
16,0,"(352,76,467,229)",0.00,REAL,processed_frames/20251009_133950/frame16_face0.jpg
17,0,"(350,78,463,227)",0.00,REAL,processed_frames/20251009_133950/frame17_face0.jpg
18,0,"(348,79,464,229)",0.01,REAL,processed_frames/20251009_133950/frame18_face0.jpg
19,0,"(351,83,462,231)",0.03,REAL,processed_frames/20251009_133950/frame19_face0.jpg
20,0,"(350,83,462,232)",0.02,REAL,processed_frames/20251009_133950/frame20_face0.jpg
21,0,"(345,82,464,238)",0.12,REAL,processed_frames/20251009_133950/frame21_face0.jpg
22,0,"(345,82,463,237)",0.02,REAL,processed_frames/20251009_133950/frame22_face0.jpg
23,0,"(344,83,462,234)",0.10,REAL,processed_frames/20251009_133950/frame23_face0.jpg
24,0,"(344,81,462,232)",0.01,REAL,processed_frames/20251009_133950/frame24_face0.jpg
25,0,"(344,80,463,234)",0.02,REAL,processed_frames/20251009_133950/frame25_face0.jpg
26,0,"(343,78,463,234)",0.03,REAL,processed_frames/20251009_133950/frame26_face0.jpg
27,0,"(344,77,463,234)",0.03,REAL,processed_frames/20251009_133950/frame27_face0.jpg
28,0,"(343,76,464,234)",0.02,REAL,processed_frames/20251009_133950/frame28_face0.jpg
29,0,"(343,77,464,235)",0.03,REAL,processed_frames/20251009_133950/frame29_face0.jpg
30,0,"(342,74,463,232)",0.04,REAL,processed_frames/20251009_133950/frame30_face0.jpg
31,0,"(342,73,463,231)",0.06,REAL,processed_frames/20251009_133950/frame31_face0.jpg
32,0,"(350,74,460,220)",0.01,REAL,processed_frames/20251009_133950/frame32_face0.jpg
33,0,"(342,71,460,222)",0.04,REAL,processed_frames/20251009_133950/frame33_face0.jpg
34,0,"(342,70,458,219)",0.06,REAL,processed_frames/20251009_133950/frame34_face0.jpg
35,0,"(342,70,459,220)",0.15,REAL,processed_frames/20251009_133950/frame35_face0.jpg
36,0,"(341,66,459,221)",0.06,REAL,processed_frames/20251009_133950/frame36_face0.jpg
37,0,"(341,64,458,220)",0.38,REAL,processed_frames/20251009_133950/frame37_face0.jpg
38,0,"(343,64,459,225)",0.00,REAL,processed_frames/20251009_133950/frame38_face0.jpg
39,0,"(347,64,459,222)",0.66,FAKE,processed_frames/20251009_133950/frame39_face0.jpg
40,0,"(352,63,462,218)",0.14,REAL,processed_frames/20251009_133950/frame40_face0.jpg
41,0,"(343,63,457,222)",0.37,REAL,processed_frames/20251009_133950/frame41_face0.jpg
42,0,"(353,62,462,217)",0.38,REAL,processed_frames/20251009_133950/frame42_face0.jpg
43,0,"(354,61,463,216)",0.48,REAL,processed_frames/20251009_133950/frame43_face0.jpg
44,0,"(342,60,457,220)",0.03,REAL,processed_frames/20251009_133950/frame44_face0.jpg
45,0,"(342,61,457,221)",0.01,REAL,processed_frames/20251009_133950/frame45_face0.jpg
46,0,"(342,59,457,221)",0.38,REAL,processed_frames/20251009_133950/frame46_face0.jpg
47,0,"(350,61,458,214)",0.97,FAKE,processed_frames/20251009_133950/frame47_face0.jpg
48,0,"(344,59,456,218)",0.12,REAL,processed_frames/20251009_133950/frame48_face0.jpg
49,0,"(343,59,457,218)",0.95,FAKE,processed_frames/20251009_133950/frame49_face0.jpg
50,0,"(341,59,457,218)",0.07,REAL,processed_frames/20251009_133950/frame50_face0.jpg
51,0,"(341,58,456,217)",0.22,REAL,processed_frames/20251009_133950/frame51_face0.jpg
52,0,"(348,61,461,219)",0.03,REAL,processed_frames/20251009_133950/frame52_face0.jpg
53,0,"(340,58,458,220)",0.32,REAL,processed_frames/20251009_133950/frame53_face0.jpg
54,0,"(341,61,457,218)",0.00,REAL,processed_frames/20251009_133950/frame54_face0.jpg
55,0,"(347,60,461,218)",0.14,REAL,processed_frames/20251009_133950/frame55_face0.jpg
56,0,"(346,60,461,217)",0.99,FAKE,processed_frames/20251009_133950/frame56_face0.jpg
57,0,"(346,58,462,217)",0.79,FAKE,processed_frames/20251009_133950/frame57_face0.jpg
58,0,"(347,57,463,216)",0.75,FAKE,processed_frames/20251009_133950/frame58_face0.jpg
59,0,"(346,57,462,216)",0.88,FAKE,processed_frames/20251009_133950/frame59_face0.jpg
60,0,"(347,59,463,216)",0.12,REAL,processed_frames/20251009_133950/frame60_face0.jpg
61,0,"(349,59,466,216)",0.26,REAL,processed_frames/20251009_133950/frame61_face0.jpg
62,0,"(349,60,465,212)",0.00,REAL,processed_frames/20251009_133950/frame62_face0.jpg
63,0,"(349,59,466,213)",0.00,REAL,processed_frames/20251009_133950/frame63_face0.jpg
64,0,"(349,57,467,214)",0.10,REAL,processed_frames/20251009_133950/frame64_face0.jpg
65,0,"(344,56,465,215)",1.00,FAKE,processed_frames/20251009_133950/frame65_face0.jpg
66,0,"(343,55,465,215)",1.00,FAKE,processed_frames/20251009_133950/frame66_face0.jpg
67,0,"(345,56,464,210)",0.91,FAKE,processed_frames/20251009_133950/frame67_face0.jpg
68,0,"(345,56,464,210)",0.92,FAKE,processed_frames/20251009_133950/frame68_face0.jpg
69,0,"(346,57,464,209)",0.00,REAL,processed_frames/20251009_133950/frame69_face0.jpg
70,0,"(347,58,465,209)",0.01,REAL,processed_frames/20251009_133950/frame70_face0.jpg
71,0,"(348,57,467,214)",0.10,REAL,processed_frames/20251009_133950/frame71_face0.jpg
72,0,"(347,59,466,213)",0.00,REAL,processed_frames/20251009_133950/frame72_face0.jpg
73,0,"(347,59,463,210)",0.00,REAL,processed_frames/20251009_133950/frame73_face0.jpg
74,0,"(345,60,463,211)",0.00,REAL,processed_frames/20251009_133950/frame74_face0.jpg
75,0,"(346,58,462,208)",0.00,REAL,processed_frames/20251009_133950/frame75_face0.jpg
76,0,"(347,57,460,208)",0.02,REAL,processed_frames/20251009_133950/frame76_face0.jpg
77,0,"(345,57,461,205)",0.00,REAL,processed_frames/20251009_133950/frame77_face0.jpg
78,0,"(347,59,461,206)",0.01,REAL,processed_frames/20251009_133950/frame78_face0.jpg
79,0,"(346,59,461,207)",0.00,REAL,processed_frames/20251009_133950/frame79_face0.jpg
80,0,"(344,58,461,207)",0.03,REAL,processed_frames/20251009_133950/frame80_face0.jpg
81,0,"(343,62,461,207)",0.01,REAL,processed_frames/20251009_133950/frame81_face0.jpg
82,0,"(342,62,457,209)",0.02,REAL,processed_frames/20251009_133950/frame82_face0.jpg
83,0,"(342,62,458,211)",0.09,REAL,processed_frames/20251009_133950/frame83_face0.jpg
84,0,"(345,63,458,211)",0.14,REAL,processed_frames/20251009_133950/frame84_face0.jpg
85,0,"(341,61,458,214)",0.10,REAL,processed_frames/20251009_133950/frame85_face0.jpg
86,0,"(340,61,457,216)",0.27,REAL,processed_frames/20251009_133950/frame86_face0.jpg
87,0,"(341,64,452,210)",0.14,REAL,processed_frames/20251009_133950/frame87_face0.jpg
88,0,"(339,61,453,212)",0.19,REAL,processed_frames/20251009_133950/frame88_face0.jpg
89,0,"(340,62,452,211)",0.11,REAL,processed_frames/20251009_133950/frame89_face0.jpg
90,0,"(340,61,453,213)",0.00,REAL,processed_frames/20251009_133950/frame90_face0.jpg
91,0,"(340,60,452,212)",0.00,REAL,processed_frames/20251009_133950/frame91_face0.jpg
92,0,"(342,60,455,213)",0.03,REAL,processed_frames/20251009_133950/frame92_face0.jpg
93,0,"(346,61,457,214)",0.81,FAKE,processed_frames/20251009_133950/frame93_face0.jpg
94,0,"(343,59,455,216)",0.18,REAL,processed_frames/20251009_133950/frame94_face0.jpg
95,0,"(345,59,456,216)",0.26,REAL,processed_frames/20251009_133950/frame95_face0.jpg
96,0,"(342,59,454,216)",0.33,REAL,processed_frames/20251009_133950/frame96_face0.jpg
97,0,"(341,58,454,216)",0.01,REAL,processed_frames/20251009_133950/frame97_face0.jpg
98,0,"(342,59,455,215)",0.06,REAL,processed_frames/20251009_133950/frame98_face0.jpg
99,0,"(342,59,454,214)",0.43,REAL,processed_frames/20251009_133950/frame99_face0.jpg
100,0,"(341,58,454,216)",0.66,FAKE,processed_frames/20251009_133950/frame100_face0.jpg
101,0,"(344,59,456,215)",0.95,FAKE,processed_frames/20251009_133950/frame101_face0.jpg
102,0,"(336,57,453,217)",0.02,REAL,processed_frames/20251009_133950/frame102_face0.jpg
103,0,"(337,57,452,214)",0.02,REAL,processed_frames/20251009_133950/frame103_face0.jpg
104,0,"(336,60,452,214)",0.02,REAL,processed_frames/20251009_133950/frame104_face0.jpg
105,0,"(335,60,453,215)",0.02,REAL,processed_frames/20251009_133950/frame105_face0.jpg
106,0,"(335,59,454,217)",0.00,REAL,processed_frames/20251009_133950/frame106_face0.jpg
107,0,"(335,59,454,217)",0.00,REAL,processed_frames/20251009_133950/frame107_face0.jpg
108,0,"(340,60,456,216)",0.15,REAL,processed_frames/20251009_133950/frame108_face0.jpg
109,0,"(338,59,453,216)",0.25,REAL,processed_frames/20251009_133950/frame109_face0.jpg
110,0,"(351,63,460,216)",0.65,FAKE,processed_frames/20251009_133950/frame110_face0.jpg
111,0,"(339,60,453,214)",0.01,REAL,processed_frames/20251009_133950/frame111_face0.jpg
112,0,"(340,60,456,219)",0.00,REAL,processed_frames/20251009_133950/frame112_face0.jpg
113,0,"(342,61,458,218)",0.01,REAL,processed_frames/20251009_133950/frame113_face0.jpg
114,0,"(339,60,457,219)",0.01,REAL,processed_frames/20251009_133950/frame114_face0.jpg
115,0,"(338,60,458,218)",0.00,REAL,processed_frames/20251009_133950/frame115_face0.jpg
116,0,"(338,61,457,217)",0.01,REAL,processed_frames/20251009_133950/frame116_face0.jpg
117,0,"(338,60,455,217)",0.02,REAL,processed_frames/20251009_133950/frame117_face0.jpg
118,0,"(339,61,456,217)",0.00,REAL,processed_frames/20251009_133950/frame118_face0.jpg
119,0,"(337,61,456,218)",0.00,REAL,processed_frames/20251009_133950/frame119_face0.jpg
120,0,"(339,63,457,216)",0.00,REAL,processed_frames/20251009_133950/frame120_face0.jpg
121,0,"(340,66,456,217)",0.03,REAL,processed_frames/20251009_133950/frame121_face0.jpg
122,0,"(347,67,455,218)",0.48,REAL,processed_frames/20251009_133950/frame122_face0.jpg
123,0,"(340,66,455,217)",0.20,REAL,processed_frames/20251009_133950/frame123_face0.jpg
124,0,"(339,63,457,219)",0.13,REAL,processed_frames/20251009_133950/frame124_face0.jpg
125,0,"(339,63,457,219)",0.14,REAL,processed_frames/20251009_133950/frame125_face0.jpg
126,0,"(339,63,458,220)",0.09,REAL,processed_frames/20251009_133950/frame126_face0.jpg
127,0,"(339,66,455,217)",0.09,REAL,processed_frames/20251009_133950/frame127_face0.jpg
128,0,"(339,66,455,218)",0.08,REAL,processed_frames/20251009_133950/frame128_face0.jpg
129,0,"(340,63,457,223)",0.10,REAL,processed_frames/20251009_133950/frame129_face0.jpg
130,0,"(338,61,458,221)",0.20,REAL,processed_frames/20251009_133950/frame130_face0.jpg
131,0,"(343,59,460,217)",0.13,REAL,processed_frames/20251009_133950/frame131_face0.jpg
132,0,"(349,57,468,212)",0.41,REAL,processed_frames/20251009_133950/frame132_face0.jpg
133,0,"(351,55,473,210)",0.10,REAL,processed_frames/20251009_133950/frame133_face0.jpg
134,0,"(351,55,472,211)",0.67,FAKE,processed_frames/20251009_133950/frame134_face0.jpg
135,0,"(360,52,475,206)",0.65,FAKE,processed_frames/20251009_133950/frame135_face0.jpg
136,0,"(366,48,482,201)",0.17,REAL,processed_frames/20251009_133950/frame136_face0.jpg
137,0,"(379,49,493,195)",0.08,REAL,processed_frames/20251009_133950/frame137_face0.jpg
138,0,"(384,39,499,200)",0.97,FAKE,processed_frames/20251009_133950/frame138_face0.jpg
139,0,"(386,44,503,195)",0.98,FAKE,processed_frames/20251009_133950/frame139_face0.jpg
140,0,"(386,44,502,196)",0.98,FAKE,processed_frames/20251009_133950/frame140_face0.jpg
141,0,"(388,35,505,197)",0.86,FAKE,processed_frames/20251009_133950/frame141_face0.jpg
142,0,"(393,42,506,191)",0.80,FAKE,processed_frames/20251009_133950/frame142_face0.jpg
143,0,"(393,38,511,190)",0.87,FAKE,processed_frames/20251009_133950/frame143_face0.jpg
144,0,"(399,37,508,179)",0.85,FAKE,processed_frames/20251009_133950/frame144_face0.jpg
145,0,"(401,37,509,177)",0.83,FAKE,processed_frames/20251009_133950/frame145_face0.jpg
146,0,"(406,34,515,176)",0.76,FAKE,processed_frames/20251009_133950/frame146_face0.jpg
147,0,"(406,34,518,177)",0.80,FAKE,processed_frames/20251009_133950/frame147_face0.jpg
147,1,"(249,155,279,192)",0.82,FAKE,processed_frames/20251009_133950/frame147_face1.jpg
148,0,"(405,33,519,185)",0.80,FAKE,processed_frames/20251009_133950/frame148_face0.jpg
149,0,"(406,33,521,186)",0.79,FAKE,processed_frames/20251009_133950/frame149_face0.jpg
150,0,"(410,34,522,182)",0.83,FAKE,processed_frames/20251009_133950/frame150_face0.jpg
151,0,"(411,40,519,183)",0.84,FAKE,processed_frames/20251009_133950/frame151_face0.jpg
152,0,"(413,46,522,185)",0.85,FAKE,processed_frames/20251009_133950/frame152_face0.jpg
153,0,"(416,46,530,197)",0.99,FAKE,processed_frames/20251009_133950/frame153_face0.jpg
154,0,"(414,47,538,207)",0.15,REAL,processed_frames/20251009_133950/frame154_face0.jpg
155,0,"(421,55,535,209)",0.62,FAKE,processed_frames/20251009_133950/frame155_face0.jpg
156,0,"(418,56,542,216)",0.97,FAKE,processed_frames/20251009_133950/frame156_face0.jpg
157,0,"(424,63,544,215)",0.57,FAKE,processed_frames/20251009_133950/frame157_face0.jpg
158,0,"(427,69,544,217)",0.97,FAKE,processed_frames/20251009_133950/frame158_face0.jpg
159,0,"(428,72,542,221)",0.97,FAKE,processed_frames/20251009_133950/frame159_face0.jpg
160,0,"(427,73,547,225)",0.82,FAKE,processed_frames/20251009_133950/frame160_face0.jpg
161,0,"(427,73,548,226)",0.94,FAKE,processed_frames/20251009_133950/frame161_face0.jpg
162,0,"(436,83,554,230)",0.86,FAKE,processed_frames/20251009_133950/frame162_face0.jpg
163,0,"(431,78,556,234)",0.17,REAL,processed_frames/20251009_133950/frame163_face0.jpg
164,0,"(428,79,558,241)",0.98,FAKE,processed_frames/20251009_133950/frame164_face0.jpg
165,0,"(432,84,550,230)",0.99,FAKE,processed_frames/20251009_133950/frame165_face0.jpg
166,0,"(424,80,545,231)",0.18,REAL,processed_frames/20251009_133950/frame166_face0.jpg
167,0,"(429,86,546,235)",0.31,REAL,processed_frames/20251009_133950/frame167_face0.jpg
168,0,"(420,79,541,234)",0.94,FAKE,processed_frames/20251009_133950/frame168_face0.jpg
169,0,"(416,78,535,232)",0.94,FAKE,processed_frames/20251009_133950/frame169_face0.jpg
170,0,"(412,78,532,228)",0.45,REAL,processed_frames/20251009_133950/frame170_face0.jpg
171,0,"(405,79,519,226)",0.46,REAL,processed_frames/20251009_133950/frame171_face0.jpg
172,0,"(396,74,508,224)",0.88,FAKE,processed_frames/20251009_133950/frame172_face0.jpg
173,0,"(397,75,508,223)",0.84,FAKE,processed_frames/20251009_133950/frame173_face0.jpg
174,0,"(378,72,496,224)",0.02,REAL,processed_frames/20251009_133950/frame174_face0.jpg
175,0,"(362,70,473,212)",0.62,FAKE,processed_frames/20251009_133950/frame175_face0.jpg
176,0,"(349,59,468,212)",0.01,REAL,processed_frames/20251009_133950/frame176_face0.jpg
177,0,"(339,60,457,209)",0.01,REAL,processed_frames/20251009_133950/frame177_face0.jpg
178,0,"(328,61,446,208)",0.04,REAL,processed_frames/20251009_133950/frame178_face0.jpg
179,0,"(328,62,445,207)",0.05,REAL,processed_frames/20251009_133950/frame179_face0.jpg
180,0,"(317,61,439,204)",0.89,FAKE,processed_frames/20251009_133950/frame180_face0.jpg
181,0,"(308,64,425,204)",0.98,FAKE,processed_frames/20251009_133950/frame181_face0.jpg
182,0,"(302,59,418,199)",0.97,FAKE,processed_frames/20251009_133950/frame182_face0.jpg
183,0,"(294,58,414,194)",1.00,FAKE,processed_frames/20251009_133950/frame183_face0.jpg
184,0,"(287,55,406,193)",0.92,FAKE,processed_frames/20251009_133950/frame184_face0.jpg
185,0,"(270,49,392,186)",0.74,FAKE,processed_frames/20251009_133950/frame185_face0.jpg
186,0,"(262,47,387,190)",0.25,REAL,processed_frames/20251009_133950/frame186_face0.jpg
187,0,"(253,43,379,182)",0.02,REAL,processed_frames/20251009_133950/frame187_face0.jpg
188,0,"(252,43,379,183)",0.01,REAL,processed_frames/20251009_133950/frame188_face0.jpg
189,0,"(251,40,377,183)",0.97,FAKE,processed_frames/20251009_133950/frame189_face0.jpg
190,0,"(250,42,371,179)",0.93,FAKE,processed_frames/20251009_133950/frame190_face0.jpg
191,0,"(247,44,365,178)",0.01,REAL,processed_frames/20251009_133950/frame191_face0.jpg
192,0,"(247,41,366,178)",0.01,REAL,processed_frames/20251009_133950/frame192_face0.jpg
193,0,"(248,45,365,177)",0.29,REAL,processed_frames/20251009_133950/frame193_face0.jpg
194,0,"(248,45,365,178)",0.24,REAL,processed_frames/20251009_133950/frame194_face0.jpg
195,0,"(249,43,368,181)",0.19,REAL,processed_frames/20251009_133950/frame195_face0.jpg
196,0,"(252,47,370,182)",0.21,REAL,processed_frames/20251009_133950/frame196_face0.jpg
197,0,"(253,45,374,183)",0.06,REAL,processed_frames/20251009_133950/frame197_face0.jpg
198,0,"(260,46,380,184)",0.01,REAL,processed_frames/20251009_133950/frame198_face0.jpg
199,0,"(266,46,385,184)",0.48,REAL,processed_frames/20251009_133950/frame199_face0.jpg
200,0,"(269,46,388,188)",0.04,REAL,processed_frames/20251009_133950/frame200_face0.jpg
201,0,"(272,47,393,193)",0.85,FAKE,processed_frames/20251009_133950/frame201_face0.jpg
202,0,"(281,47,401,191)",0.01,REAL,processed_frames/20251009_133950/frame202_face0.jpg
203,0,"(281,47,400,191)",0.22,REAL,processed_frames/20251009_133950/frame203_face0.jpg
204,0,"(285,53,404,196)",0.08,REAL,processed_frames/20251009_133950/frame204_face0.jpg
205,0,"(291,52,412,199)",0.47,REAL,processed_frames/20251009_133950/frame205_face0.jpg
206,0,"(293,47,416,198)",0.03,REAL,processed_frames/20251009_133950/frame206_face0.jpg
207,0,"(300,46,422,197)",0.04,REAL,processed_frames/20251009_133950/frame207_face0.jpg
208,0,"(310,46,426,194)",0.19,REAL,processed_frames/20251009_133950/frame208_face0.jpg
209,0,"(314,46,429,194)",0.23,REAL,processed_frames/20251009_133950/frame209_face0.jpg
210,0,"(323,43,435,193)",0.99,FAKE,processed_frames/20251009_133950/frame210_face0.jpg
211,0,"(329,42,439,189)",0.99,FAKE,processed_frames/20251009_133950/frame211_face0.jpg
212,0,"(333,43,442,187)",0.99,FAKE,processed_frames/20251009_133950/frame212_face0.jpg
213,0,"(337,41,445,184)",0.98,FAKE,processed_frames/20251009_133950/frame213_face0.jpg
214,0,"(341,41,447,182)",0.99,FAKE,processed_frames/20251009_133950/frame214_face0.jpg
215,0,"(343,40,451,181)",0.99,FAKE,processed_frames/20251009_133950/frame215_face0.jpg
216,0,"(345,39,450,179)",0.99,FAKE,processed_frames/20251009_133950/frame216_face0.jpg
217,0,"(347,41,454,184)",0.99,FAKE,processed_frames/20251009_133950/frame217_face0.jpg
218,0,"(348,38,456,183)",0.99,FAKE,processed_frames/20251009_133950/frame218_face0.jpg
219,0,"(347,39,457,184)",0.97,FAKE,processed_frames/20251009_133950/frame219_face0.jpg
220,0,"(349,39,457,183)",1.00,FAKE,processed_frames/20251009_133950/frame220_face0.jpg
221,0,"(347,39,458,183)",0.99,FAKE,processed_frames/20251009_133950/frame221_face0.jpg
222,0,"(348,38,460,189)",0.86,FAKE,processed_frames/20251009_133950/frame222_face0.jpg
223,0,"(349,43,459,188)",0.24,REAL,processed_frames/20251009_133950/frame223_face0.jpg
224,0,"(349,42,459,189)",0.66,FAKE,processed_frames/20251009_133950/frame224_face0.jpg
225,0,"(350,44,458,186)",0.52,FAKE,processed_frames/20251009_133950/frame225_face0.jpg
226,0,"(347,40,458,189)",0.06,REAL,processed_frames/20251009_133950/frame226_face0.jpg
227,0,"(347,41,459,191)",0.34,REAL,processed_frames/20251009_133950/frame227_face0.jpg
228,0,"(347,41,459,192)",0.25,REAL,processed_frames/20251009_133950/frame228_face0.jpg
229,0,"(348,42,458,192)",0.23,REAL,processed_frames/20251009_133950/frame229_face0.jpg
230,0,"(345,41,459,194)",0.49,REAL,processed_frames/20251009_133950/frame230_face0.jpg
231,0,"(344,41,458,196)",1.00,FAKE,processed_frames/20251009_133950/frame231_face0.jpg
232,0,"(345,41,458,194)",0.98,FAKE,processed_frames/20251009_133950/frame232_face0.jpg
233,0,"(344,40,459,194)",0.56,FAKE,processed_frames/20251009_133950/frame233_face0.jpg
234,0,"(348,43,458,196)",0.33,REAL,processed_frames/20251009_133950/frame234_face0.jpg
235,0,"(346,43,461,198)",0.64,FAKE,processed_frames/20251009_133950/frame235_face0.jpg
236,0,"(348,45,460,197)",0.87,FAKE,processed_frames/20251009_133950/frame236_face0.jpg
237,0,"(349,46,461,198)",0.77,FAKE,processed_frames/20251009_133950/frame237_face0.jpg
238,0,"(349,45,460,196)",0.44,REAL,processed_frames/20251009_133950/frame238_face0.jpg
239,0,"(349,45,461,196)",0.53,FAKE,processed_frames/20251009_133950/frame239_face0.jpg
240,0,"(345,45,458,198)",0.08,REAL,processed_frames/20251009_133950/frame240_face0.jpg
241,0,"(347,48,458,194)",0.35,REAL,processed_frames/20251009_133950/frame241_face0.jpg
242,0,"(349,48,458,192)",0.58,FAKE,processed_frames/20251009_133950/frame242_face0.jpg
243,0,"(348,48,457,192)",0.44,REAL,processed_frames/20251009_133950/frame243_face0.jpg
244,0,"(348,47,458,194)",0.34,REAL,processed_frames/20251009_133950/frame244_face0.jpg
245,0,"(344,45,459,200)",0.66,FAKE,processed_frames/20251009_133950/frame245_face0.jpg
246,0,"(344,47,457,197)",0.64,FAKE,processed_frames/20251009_133950/frame246_face0.jpg
247,0,"(346,48,459,196)",0.06,REAL,processed_frames/20251009_133950/frame247_face0.jpg
248,0,"(346,49,459,199)",0.69,FAKE,processed_frames/20251009_133950/frame248_face0.jpg
249,0,"(346,49,458,198)",0.33,REAL,processed_frames/20251009_133950/frame249_face0.jpg
250,0,"(346,51,458,199)",0.01,REAL,processed_frames/20251009_133950/frame250_face0.jpg
251,0,"(344,46,457,204)",0.98,FAKE,processed_frames/20251009_133950/frame251_face0.jpg
252,0,"(343,50,458,207)",0.77,FAKE,processed_frames/20251009_133950/frame252_face0.jpg
253,0,"(344,49,459,207)",0.47,REAL,processed_frames/20251009_133950/frame253_face0.jpg
254,0,"(345,51,459,207)",0.13,REAL,processed_frames/20251009_133950/frame254_face0.jpg
255,0,"(342,47,459,209)",0.97,FAKE,processed_frames/20251009_133950/frame255_face0.jpg
256,0,"(342,49,459,210)",0.10,REAL,processed_frames/20251009_133950/frame256_face0.jpg
257,0,"(346,54,458,207)",0.31,REAL,processed_frames/20251009_133950/frame257_face0.jpg
258,0,"(341,54,457,209)",0.74,FAKE,processed_frames/20251009_133950/frame258_face0.jpg
259,0,"(345,50,462,209)",0.47,REAL,processed_frames/20251009_133950/frame259_face0.jpg
260,0,"(345,51,462,209)",0.24,REAL,processed_frames/20251009_133950/frame260_face0.jpg
261,0,"(345,51,461,209)",0.09,REAL,processed_frames/20251009_133950/frame261_face0.jpg
262,0,"(344,53,460,209)",0.11,REAL,processed_frames/20251009_133950/frame262_face0.jpg
263,0,"(342,59,456,209)",0.02,REAL,processed_frames/20251009_133950/frame263_face0.jpg
264,0,"(340,59,452,208)",0.20,REAL,processed_frames/20251009_133950/frame264_face0.jpg
265,0,"(339,61,451,212)",0.00,REAL,processed_frames/20251009_133950/frame265_face0.jpg
266,0,"(334,62,451,210)",0.03,REAL,processed_frames/20251009_133950/frame266_face0.jpg
267,0,"(337,63,451,211)",0.00,REAL,processed_frames/20251009_133950/frame267_face0.jpg
268,0,"(336,60,452,215)",0.00,REAL,processed_frames/20251009_133950/frame268_face0.jpg
269,0,"(340,63,454,212)",0.18,REAL,processed_frames/20251009_133950/frame269_face0.jpg
270,0,"(337,54,457,212)",0.21,REAL,processed_frames/20251009_133950/frame270_face0.jpg
271,0,"(340,57,457,211)",0.00,REAL,processed_frames/20251009_133950/frame271_face0.jpg
272,0,"(340,50,464,215)",0.02,REAL,processed_frames/20251009_133950/frame272_face0.jpg
273,0,"(348,55,465,211)",0.92,FAKE,processed_frames/20251009_133950/frame273_face0.jpg
274,0,"(346,51,467,206)",0.99,FAKE,processed_frames/20251009_133950/frame274_face0.jpg
275,0,"(350,51,471,205)",0.95,FAKE,processed_frames/20251009_133950/frame275_face0.jpg
276,0,"(352,49,472,205)",1.00,FAKE,processed_frames/20251009_133950/frame276_face0.jpg
276,3,"(-5,229,30,268)",0.82,FAKE,processed_frames/20251009_133950/frame276_face3.jpg
277,0,"(354,50,472,206)",1.00,FAKE,processed_frames/20251009_133950/frame277_face0.jpg
277,2,"(-5,229,30,268)",0.82,FAKE,processed_frames/20251009_133950/frame277_face2.jpg
278,0,"(361,48,478,205)",0.93,FAKE,processed_frames/20251009_133950/frame278_face0.jpg
278,2,"(-5,229,30,268)",0.82,FAKE,processed_frames/20251009_133950/frame278_face2.jpg
279,0,"(361,48,478,197)",0.34,REAL,processed_frames/20251009_133950/frame279_face0.jpg
279,2,"(-5,229,30,268)",0.82,FAKE,processed_frames/20251009_133950/frame279_face2.jpg
280,0,"(363,50,478,194)",0.29,REAL,processed_frames/20251009_133950/frame280_face0.jpg
280,2,"(-5,229,30,268)",0.82,FAKE,processed_frames/20251009_133950/frame280_face2.jpg
281,0,"(366,47,482,195)",0.07,REAL,processed_frames/20251009_133950/frame281_face0.jpg
281,2,"(-5,229,30,268)",0.82,FAKE,processed_frames/20251009_133950/frame281_face2.jpg
282,0,"(366,47,480,193)",0.12,REAL,processed_frames/20251009_133950/frame282_face0.jpg
282,2,"(-5,229,30,268)",0.82,FAKE,processed_frames/20251009_133950/frame282_face2.jpg
283,0,"(368,46,483,195)",0.02,REAL,processed_frames/20251009_133950/frame283_face0.jpg
283,1,"(-5,229,30,268)",0.82,FAKE,processed_frames/20251009_133950/frame283_face1.jpg
284,0,"(369,48,484,196)",0.32,REAL,processed_frames/20251009_133950/frame284_face0.jpg
284,2,"(-5,229,30,268)",0.82,FAKE,processed_frames/20251009_133950/frame284_face2.jpg
285,0,"(368,51,480,195)",0.55,FAKE,processed_frames/20251009_133950/frame285_face0.jpg
285,2,"(-5,229,30,268)",0.82,FAKE,processed_frames/20251009_133950/frame285_face2.jpg
286,0,"(367,47,486,194)",0.35,REAL,processed_frames/20251009_133950/frame286_face0.jpg
286,2,"(-5,229,30,268)",0.82,FAKE,processed_frames/20251009_133950/frame286_face2.jpg
287,0,"(368,47,486,195)",0.45,REAL,processed_frames/20251009_133950/frame287_face0.jpg
287,2,"(-5,229,30,268)",0.82,FAKE,processed_frames/20251009_133950/frame287_face2.jpg
288,0,"(368,47,485,193)",0.40,REAL,processed_frames/20251009_133950/frame288_face0.jpg
288,2,"(-5,229,30,268)",0.82,FAKE,processed_frames/20251009_133950/frame288_face2.jpg
289,0,"(369,46,489,199)",0.19,REAL,processed_frames/20251009_133950/frame289_face0.jpg
289,2,"(-5,229,30,268)",0.82,FAKE,processed_frames/20251009_133950/frame289_face2.jpg
290,0,"(368,42,492,197)",0.02,REAL,processed_frames/20251009_133950/frame290_face0.jpg
290,3,"(-5,229,30,268)",0.82,FAKE,processed_frames/20251009_133950/frame290_face3.jpg
291,0,"(366,42,492,196)",0.69,FAKE,processed_frames/20251009_133950/frame291_face0.jpg
291,2,"(-5,229,30,268)",0.82,FAKE,processed_frames/20251009_133950/frame291_face2.jpg
292,0,"(367,42,492,196)",0.81,FAKE,processed_frames/20251009_133950/frame292_face0.jpg
292,2,"(-5,229,30,268)",0.82,FAKE,processed_frames/20251009_133950/frame292_face2.jpg
293,0,"(367,41,490,193)",0.93,FAKE,processed_frames/20251009_133950/frame293_face0.jpg
293,2,"(-5,229,30,268)",0.82,FAKE,processed_frames/20251009_133950/frame293_face2.jpg
294,0,"(366,41,491,193)",0.97,FAKE,processed_frames/20251009_133950/frame294_face0.jpg
294,1,"(-5,229,30,268)",0.82,FAKE,processed_frames/20251009_133950/frame294_face1.jpg
295,0,"(367,39,489,190)",0.97,FAKE,processed_frames/20251009_133950/frame295_face0.jpg
295,2,"(-5,229,30,268)",0.82,FAKE,processed_frames/20251009_133950/frame295_face2.jpg
296,0,"(366,39,489,192)",0.94,FAKE,processed_frames/20251009_133950/frame296_face0.jpg
296,2,"(-5,229,30,268)",0.82,FAKE,processed_frames/20251009_133950/frame296_face2.jpg
297,0,"(368,40,489,191)",0.98,FAKE,processed_frames/20251009_133950/frame297_face0.jpg
297,1,"(-5,229,30,268)",0.82,FAKE,processed_frames/20251009_133950/frame297_face1.jpg
298,0,"(367,39,489,190)",0.99,FAKE,processed_frames/20251009_133950/frame298_face0.jpg
298,1,"(-5,229,30,268)",0.82,FAKE,processed_frames/20251009_133950/frame298_face1.jpg
299,0,"(366,41,489,193)",0.99,FAKE,processed_frames/20251009_133950/frame299_face0.jpg
299,1,"(-5,229,30,268)",0.82,FAKE,processed_frames/20251009_133950/frame299_face1.jpg
300,0,"(368,47,482,191)",0.96,FAKE,processed_frames/20251009_133950/frame300_face0.jpg
300,1,"(-5,229,30,268)",0.82,FAKE,processed_frames/20251009_133950/frame300_face1.jpg
301,0,"(368,46,484,193)",0.65,FAKE,processed_frames/20251009_133950/frame301_face0.jpg
301,1,"(-5,229,30,268)",0.82,FAKE,processed_frames/20251009_133950/frame301_face1.jpg
302,0,"(363,47,471,187)",0.94,FAKE,processed_frames/20251009_133950/frame302_face0.jpg
302,1,"(-5,229,30,268)",0.82,FAKE,processed_frames/20251009_133950/frame302_face1.jpg
303,0,"(367,39,489,193)",0.92,FAKE,processed_frames/20251009_133950/frame303_face0.jpg
303,1,"(-5,229,30,268)",0.82,FAKE,processed_frames/20251009_133950/frame303_face1.jpg
304,0,"(365,44,479,189)",0.84,FAKE,processed_frames/20251009_133950/frame304_face0.jpg
304,1,"(-5,229,30,268)",0.82,FAKE,processed_frames/20251009_133950/frame304_face1.jpg
305,0,"(370,35,491,191)",0.85,FAKE,processed_frames/20251009_133950/frame305_face0.jpg
305,1,"(-5,229,30,268)",0.82,FAKE,processed_frames/20251009_133950/frame305_face1.jpg
306,0,"(372,37,491,194)",0.96,FAKE,processed_frames/20251009_133950/frame306_face0.jpg
306,1,"(-5,229,30,268)",0.82,FAKE,processed_frames/20251009_133950/frame306_face1.jpg
307,0,"(370,41,490,196)",0.95,FAKE,processed_frames/20251009_133950/frame307_face0.jpg
307,1,"(-5,229,30,268)",0.82,FAKE,processed_frames/20251009_133950/frame307_face1.jpg
308,0,"(374,48,487,192)",0.90,FAKE,processed_frames/20251009_133950/frame308_face0.jpg
308,1,"(-5,229,30,268)",0.82,FAKE,processed_frames/20251009_133950/frame308_face1.jpg
309,0,"(371,39,495,201)",0.89,FAKE,processed_frames/20251009_133950/frame309_face0.jpg
309,1,"(-5,229,30,268)",0.82,FAKE,processed_frames/20251009_133950/frame309_face1.jpg
310,0,"(373,50,488,193)",0.86,FAKE,processed_frames/20251009_133950/frame310_face0.jpg
310,1,"(-5,229,30,268)",0.82,FAKE,processed_frames/20251009_133950/frame310_face1.jpg
311,0,"(374,43,491,193)",0.49,REAL,processed_frames/20251009_133950/frame311_face0.jpg
311,1,"(-5,229,30,268)",0.82,FAKE,processed_frames/20251009_133950/frame311_face1.jpg
312,0,"(377,48,491,192)",0.79,FAKE,processed_frames/20251009_133950/frame312_face0.jpg
312,2,"(-5,229,30,269)",0.82,FAKE,processed_frames/20251009_133950/frame312_face2.jpg
313,0,"(371,47,489,192)",0.99,FAKE,processed_frames/20251009_133950/frame313_face0.jpg
313,2,"(-5,229,30,269)",0.83,FAKE,processed_frames/20251009_133950/frame313_face2.jpg
314,0,"(371,44,493,197)",0.97,FAKE,processed_frames/20251009_133950/frame314_face0.jpg
314,2,"(-5,229,31,269)",0.80,FAKE,processed_frames/20251009_133950/frame314_face2.jpg
315,0,"(372,48,489,192)",0.99,FAKE,processed_frames/20251009_133950/frame315_face0.jpg
315,2,"(-5,229,31,269)",0.80,FAKE,processed_frames/20251009_133950/frame315_face2.jpg
316,0,"(372,49,487,198)",0.98,FAKE,processed_frames/20251009_133950/frame316_face0.jpg
316,1,"(-5,229,31,269)",0.80,FAKE,processed_frames/20251009_133950/frame316_face1.jpg
317,0,"(372,51,485,198)",0.99,FAKE,processed_frames/20251009_133950/frame317_face0.jpg
317,2,"(-5,229,31,269)",0.80,FAKE,processed_frames/20251009_133950/frame317_face2.jpg
318,0,"(367,47,489,200)",0.98,FAKE,processed_frames/20251009_133950/frame318_face0.jpg
318,2,"(-5,229,31,269)",0.80,FAKE,processed_frames/20251009_133950/frame318_face2.jpg
319,0,"(368,50,487,202)",0.97,FAKE,processed_frames/20251009_133950/frame319_face0.jpg
319,2,"(-5,229,31,270)",0.80,FAKE,processed_frames/20251009_133950/frame319_face2.jpg
320,0,"(366,49,487,202)",0.98,FAKE,processed_frames/20251009_133950/frame320_face0.jpg
320,2,"(-5,229,31,270)",0.80,FAKE,processed_frames/20251009_133950/frame320_face2.jpg
321,0,"(367,57,472,192)",0.86,FAKE,processed_frames/20251009_133950/frame321_face0.jpg
321,1,"(-5,229,31,270)",0.80,FAKE,processed_frames/20251009_133950/frame321_face1.jpg
322,0,"(365,57,471,195)",0.84,FAKE,processed_frames/20251009_133950/frame322_face0.jpg
322,2,"(-5,229,31,270)",0.80,FAKE,processed_frames/20251009_133950/frame322_face2.jpg
323,0,"(362,60,469,197)",0.82,FAKE,processed_frames/20251009_133950/frame323_face0.jpg
323,1,"(-5,229,31,270)",0.80,FAKE,processed_frames/20251009_133950/frame323_face1.jpg
324,0,"(363,56,478,204)",0.98,FAKE,processed_frames/20251009_133950/frame324_face0.jpg
324,2,"(-6,229,30,270)",0.82,FAKE,processed_frames/20251009_133950/frame324_face2.jpg
325,0,"(363,56,478,204)",0.98,FAKE,processed_frames/20251009_133950/frame325_face0.jpg
325,2,"(-6,229,30,270)",0.82,FAKE,processed_frames/20251009_133950/frame325_face2.jpg
326,0,"(363,61,475,199)",0.98,FAKE,processed_frames/20251009_133950/frame326_face0.jpg
326,2,"(-5,230,30,269)",0.83,FAKE,processed_frames/20251009_133950/frame326_face2.jpg
327,0,"(364,62,475,198)",0.97,FAKE,processed_frames/20251009_133950/frame327_face0.jpg
327,2,"(-5,230,30,269)",0.83,FAKE,processed_frames/20251009_133950/frame327_face2.jpg
328,1,"(364,63,472,199)",0.90,FAKE,processed_frames/20251009_133950/frame328_face1.jpg
328,2,"(-5,230,31,269)",0.80,FAKE,processed_frames/20251009_133950/frame328_face2.jpg
329,1,"(364,63,473,199)",0.95,FAKE,processed_frames/20251009_133950/frame329_face1.jpg
329,2,"(-5,230,31,270)",0.80,FAKE,processed_frames/20251009_133950/frame329_face2.jpg
330,0,"(364,62,474,200)",0.97,FAKE,processed_frames/20251009_133950/frame330_face0.jpg
330,2,"(-5,230,31,270)",0.81,FAKE,processed_frames/20251009_133950/frame330_face2.jpg
331,0,"(364,64,473,204)",0.96,FAKE,processed_frames/20251009_133950/frame331_face0.jpg
332,0,"(364,62,475,202)",0.82,FAKE,processed_frames/20251009_133950/frame332_face0.jpg
333,0,"(364,52,485,211)",0.94,FAKE,processed_frames/20251009_133950/frame333_face0.jpg
334,0,"(365,62,472,200)",0.83,FAKE,processed_frames/20251009_133950/frame334_face0.jpg
335,0,"(363,60,472,203)",0.86,FAKE,processed_frames/20251009_133950/frame335_face0.jpg
336,0,"(365,64,472,202)",0.97,FAKE,processed_frames/20251009_133950/frame336_face0.jpg
337,0,"(365,64,473,201)",0.96,FAKE,processed_frames/20251009_133950/frame337_face0.jpg
338,0,"(362,60,472,203)",0.87,FAKE,processed_frames/20251009_133950/frame338_face0.jpg
339,0,"(365,64,472,202)",0.87,FAKE,processed_frames/20251009_133950/frame339_face0.jpg
340,0,"(364,62,472,202)",0.95,FAKE,processed_frames/20251009_133950/frame340_face0.jpg
341,0,"(361,59,475,206)",0.80,FAKE,processed_frames/20251009_133950/frame341_face0.jpg
342,0,"(360,59,475,208)",0.84,FAKE,processed_frames/20251009_133950/frame342_face0.jpg
343,0,"(364,60,477,213)",0.81,FAKE,processed_frames/20251009_133950/frame343_face0.jpg
344,0,"(363,63,474,210)",0.88,FAKE,processed_frames/20251009_133950/frame344_face0.jpg
345,0,"(363,63,474,210)",0.86,FAKE,processed_frames/20251009_133950/frame345_face0.jpg
346,0,"(360,62,464,200)",0.87,FAKE,processed_frames/20251009_133950/frame346_face0.jpg
347,0,"(364,62,475,209)",0.88,FAKE,processed_frames/20251009_133950/frame347_face0.jpg
348,0,"(360,59,476,209)",0.93,FAKE,processed_frames/20251009_133950/frame348_face0.jpg
348,2,"(-6,227,37,274)",0.88,FAKE,processed_frames/20251009_133950/frame348_face2.jpg
349,0,"(360,58,475,208)",0.84,FAKE,processed_frames/20251009_133950/frame349_face0.jpg
349,2,"(-6,227,37,274)",0.88,FAKE,processed_frames/20251009_133950/frame349_face2.jpg
350,0,"(360,58,476,209)",0.84,FAKE,processed_frames/20251009_133950/frame350_face0.jpg
350,2,"(-6,227,37,274)",0.88,FAKE,processed_frames/20251009_133950/frame350_face2.jpg
351,0,"(363,56,479,213)",0.84,FAKE,processed_frames/20251009_133950/frame351_face0.jpg
351,2,"(-6,227,37,274)",0.88,FAKE,processed_frames/20251009_133950/frame351_face2.jpg
352,0,"(358,53,479,211)",0.96,FAKE,processed_frames/20251009_133950/frame352_face0.jpg
352,2,"(-6,227,37,274)",0.88,FAKE,processed_frames/20251009_133950/frame352_face2.jpg
353,0,"(362,59,475,208)",0.97,FAKE,processed_frames/20251009_133950/frame353_face0.jpg
353,2,"(-6,227,37,274)",0.88,FAKE,processed_frames/20251009_133950/frame353_face2.jpg
354,0,"(363,61,472,197)",0.88,FAKE,processed_frames/20251009_133950/frame354_face0.jpg
354,2,"(-6,227,37,274)",0.88,FAKE,processed_frames/20251009_133950/frame354_face2.jpg
355,0,"(362,60,474,198)",0.85,FAKE,processed_frames/20251009_133950/frame355_face0.jpg
356,0,"(363,60,473,198)",0.85,FAKE,processed_frames/20251009_133950/frame356_face0.jpg
357,0,"(363,61,474,198)",0.91,FAKE,processed_frames/20251009_133950/frame357_face0.jpg
358,0,"(363,60,475,199)",0.87,FAKE,processed_frames/20251009_133950/frame358_face0.jpg
359,0,"(364,60,475,198)",0.85,FAKE,processed_frames/20251009_133950/frame359_face0.jpg
360,0,"(364,62,475,201)",0.98,FAKE,processed_frames/20251009_133950/frame360_face0.jpg
361,0,"(366,59,478,207)",0.96,FAKE,processed_frames/20251009_133950/frame361_face0.jpg
362,0,"(361,58,477,207)",0.92,FAKE,processed_frames/20251009_133950/frame362_face0.jpg
363,0,"(365,60,477,207)",0.96,FAKE,processed_frames/20251009_133950/frame363_face0.jpg
364,0,"(361,60,474,205)",0.83,FAKE,processed_frames/20251009_133950/frame364_face0.jpg
365,0,"(363,62,473,204)",0.82,FAKE,processed_frames/20251009_133950/frame365_face0.jpg
366,0,"(361,61,474,204)",0.90,FAKE,processed_frames/20251009_133950/frame366_face0.jpg
367,0,"(362,61,474,207)",0.88,FAKE,processed_frames/20251009_133950/frame367_face0.jpg
368,0,"(360,64,465,204)",0.81,FAKE,processed_frames/20251009_133950/frame368_face0.jpg
369,0,"(363,66,469,199)",0.83,FAKE,processed_frames/20251009_133950/frame369_face0.jpg
370,0,"(362,64,471,205)",0.92,FAKE,processed_frames/20251009_133950/frame370_face0.jpg
371,0,"(362,62,473,206)",0.92,FAKE,processed_frames/20251009_133950/frame371_face0.jpg
372,0,"(360,59,468,202)",0.95,FAKE,processed_frames/20251009_133950/frame372_face0.jpg
373,0,"(357,61,469,205)",0.96,FAKE,processed_frames/20251009_133950/frame373_face0.jpg
374,0,"(356,60,469,208)",0.20,REAL,processed_frames/20251009_133950/frame374_face0.jpg
375,0,"(358,59,473,210)",0.93,FAKE,processed_frames/20251009_133950/frame375_face0.jpg
376,0,"(353,60,470,217)",0.95,FAKE,processed_frames/20251009_133950/frame376_face0.jpg
377,0,"(353,59,471,218)",0.94,FAKE,processed_frames/20251009_133950/frame377_face0.jpg
378,0,"(350,64,468,221)",0.02,REAL,processed_frames/20251009_133950/frame378_face0.jpg
379,0,"(352,71,464,221)",0.00,REAL,processed_frames/20251009_133950/frame379_face0.jpg
380,0,"(348,71,460,219)",0.00,REAL,processed_frames/20251009_133950/frame380_face0.jpg
381,0,"(343,75,452,219)",0.00,REAL,processed_frames/20251009_133950/frame381_face0.jpg
382,0,"(342,76,452,220)",0.00,REAL,processed_frames/20251009_133950/frame382_face0.jpg
383,0,"(337,75,448,220)",0.00,REAL,processed_frames/20251009_133950/frame383_face0.jpg
384,0,"(336,75,448,219)",0.00,REAL,processed_frames/20251009_133950/frame384_face0.jpg
385,0,"(336,75,447,219)",0.02,REAL,processed_frames/20251009_133950/frame385_face0.jpg
386,0,"(333,74,446,220)",0.03,REAL,processed_frames/20251009_133950/frame386_face0.jpg
387,0,"(333,74,446,219)",0.11,REAL,processed_frames/20251009_133950/frame387_face0.jpg
388,0,"(330,70,447,222)",0.03,REAL,processed_frames/20251009_133950/frame388_face0.jpg
389,0,"(340,67,451,218)",0.86,FAKE,processed_frames/20251009_133950/frame389_face0.jpg
390,0,"(341,64,453,215)",0.00,REAL,processed_frames/20251009_133950/frame390_face0.jpg
391,0,"(338,63,452,210)",0.07,REAL,processed_frames/20251009_133950/frame391_face0.jpg
392,0,"(341,64,453,210)",0.03,REAL,processed_frames/20251009_133950/frame392_face0.jpg
393,0,"(342,61,453,210)",0.42,REAL,processed_frames/20251009_133950/frame393_face0.jpg
394,0,"(342,60,450,208)",0.05,REAL,processed_frames/20251009_133950/frame394_face0.jpg
395,0,"(333,58,445,209)",0.32,REAL,processed_frames/20251009_133950/frame395_face0.jpg
396,0,"(339,63,449,210)",0.82,FAKE,processed_frames/20251009_133950/frame396_face0.jpg
397,0,"(336,64,447,208)",0.50,FAKE,processed_frames/20251009_133950/frame397_face0.jpg
398,0,"(337,64,448,209)",0.89,FAKE,processed_frames/20251009_133950/frame398_face0.jpg
399,0,"(339,63,449,210)",0.47,REAL,processed_frames/20251009_133950/frame399_face0.jpg
400,0,"(340,62,450,209)",0.54,FAKE,processed_frames/20251009_133950/frame400_face0.jpg
401,0,"(332,57,447,210)",0.38,REAL,processed_frames/20251009_133950/frame401_face0.jpg
402,0,"(332,55,444,202)",0.75,FAKE,processed_frames/20251009_133950/frame402_face0.jpg
403,0,"(331,56,443,205)",0.36,REAL,processed_frames/20251009_133950/frame403_face0.jpg
404,0,"(333,56,444,206)",0.16,REAL,processed_frames/20251009_133950/frame404_face0.jpg
405,0,"(337,60,450,207)",0.11,REAL,processed_frames/20251009_133950/frame405_face0.jpg
406,0,"(341,59,453,206)",0.12,REAL,processed_frames/20251009_133950/frame406_face0.jpg
407,0,"(341,59,452,206)",0.32,REAL,processed_frames/20251009_133950/frame407_face0.jpg
408,0,"(345,59,455,207)",0.08,REAL,processed_frames/20251009_133950/frame408_face0.jpg
409,0,"(347,60,460,206)",0.31,REAL,processed_frames/20251009_133950/frame409_face0.jpg
410,0,"(354,56,464,198)",0.24,REAL,processed_frames/20251009_133950/frame410_face0.jpg
411,0,"(357,60,469,203)",0.31,REAL,processed_frames/20251009_133950/frame411_face0.jpg
412,0,"(365,57,475,204)",0.14,REAL,processed_frames/20251009_133950/frame412_face0.jpg
412,1,"(-14,137,97,277)",0.85,FAKE,processed_frames/20251009_133950/frame412_face1.jpg
413,1,"(365,62,474,202)",0.06,REAL,processed_frames/20251009_133950/frame413_face1.jpg
414,1,"(366,61,477,199)",0.17,REAL,processed_frames/20251009_133950/frame414_face1.jpg
415,0,"(367,57,479,199)",0.01,REAL,processed_frames/20251009_133950/frame415_face0.jpg
416,0,"(366,60,477,202)",0.96,FAKE,processed_frames/20251009_133950/frame416_face0.jpg
417,0,"(364,60,472,202)",0.99,FAKE,processed_frames/20251009_133950/frame417_face0.jpg
418,0,"(364,59,477,208)",0.01,REAL,processed_frames/20251009_133950/frame418_face0.jpg
419,0,"(364,59,478,208)",0.12,REAL,processed_frames/20251009_133950/frame419_face0.jpg
420,0,"(362,59,478,213)",0.99,FAKE,processed_frames/20251009_133950/frame420_face0.jpg
421,0,"(361,63,473,210)",0.94,FAKE,processed_frames/20251009_133950/frame421_face0.jpg
422,0,"(361,63,471,206)",0.98,FAKE,processed_frames/20251009_133950/frame422_face0.jpg
423,0,"(362,62,471,206)",0.95,FAKE,processed_frames/20251009_133950/frame423_face0.jpg
424,0,"(363,64,474,205)",0.97,FAKE,processed_frames/20251009_133950/frame424_face0.jpg
425,0,"(363,63,475,208)",0.97,FAKE,processed_frames/20251009_133950/frame425_face0.jpg
426,0,"(361,60,473,205)",0.98,FAKE,processed_frames/20251009_133950/frame426_face0.jpg
427,0,"(361,61,467,204)",0.93,FAKE,processed_frames/20251009_133950/frame427_face0.jpg
428,0,"(362,59,475,201)",0.93,FAKE,processed_frames/20251009_133950/frame428_face0.jpg
429,0,"(363,59,474,203)",0.94,FAKE,processed_frames/20251009_133950/frame429_face0.jpg
429,2,"(-4,227,37,274)",0.76,FAKE,processed_frames/20251009_133950/frame429_face2.jpg
430,0,"(352,55,465,198)",0.02,REAL,processed_frames/20251009_133950/frame430_face0.jpg
431,0,"(351,55,465,197)",0.87,FAKE,processed_frames/20251009_133950/frame431_face0.jpg
432,0,"(343,53,458,196)",0.68,FAKE,processed_frames/20251009_133950/frame432_face0.jpg
433,0,"(340,51,455,196)",0.05,REAL,processed_frames/20251009_133950/frame433_face0.jpg
434,0,"(338,57,451,198)",0.48,REAL,processed_frames/20251009_133950/frame434_face0.jpg
434,2,"(-3,228,37,274)",0.78,FAKE,processed_frames/20251009_133950/frame434_face2.jpg
435,0,"(336,55,452,202)",0.01,REAL,processed_frames/20251009_133950/frame435_face0.jpg
435,1,"(-3,228,37,274)",0.78,FAKE,processed_frames/20251009_133950/frame435_face1.jpg
436,0,"(323,52,442,196)",0.55,FAKE,processed_frames/20251009_133950/frame436_face0.jpg
436,1,"(-3,228,37,274)",0.78,FAKE,processed_frames/20251009_133950/frame436_face1.jpg
437,0,"(321,53,438,198)",0.05,REAL,processed_frames/20251009_133950/frame437_face0.jpg
437,1,"(-3,228,37,274)",0.78,FAKE,processed_frames/20251009_133950/frame437_face1.jpg
438,0,"(317,53,434,197)",0.01,REAL,processed_frames/20251009_133950/frame438_face0.jpg
438,2,"(-3,228,37,274)",0.78,FAKE,processed_frames/20251009_133950/frame438_face2.jpg
439,0,"(308,52,427,200)",0.01,REAL,processed_frames/20251009_133950/frame439_face0.jpg
439,2,"(-3,228,37,274)",0.78,FAKE,processed_frames/20251009_133950/frame439_face2.jpg
440,0,"(309,52,428,200)",0.09,REAL,processed_frames/20251009_133950/frame440_face0.jpg
440,2,"(-4,228,37,274)",0.81,FAKE,processed_frames/20251009_133950/frame440_face2.jpg
441,0,"(296,48,416,192)",0.01,REAL,processed_frames/20251009_133950/frame441_face0.jpg
442,0,"(295,47,417,193)",0.02,REAL,processed_frames/20251009_133950/frame442_face0.jpg
443,0,"(294,45,413,189)",0.12,REAL,processed_frames/20251009_133950/frame443_face0.jpg
444,0,"(296,48,412,189)",0.90,FAKE,processed_frames/20251009_133950/frame444_face0.jpg
445,0,"(292,46,410,189)",0.07,REAL,processed_frames/20251009_133950/frame445_face0.jpg
446,0,"(291,49,404,188)",0.94,FAKE,processed_frames/20251009_133950/frame446_face0.jpg
447,0,"(296,49,406,187)",0.87,FAKE,processed_frames/20251009_133950/frame447_face0.jpg
448,0,"(297,49,405,187)",0.97,FAKE,processed_frames/20251009_133950/frame448_face0.jpg
449,0,"(300,48,407,186)",0.99,FAKE,processed_frames/20251009_133950/frame449_face0.jpg
450,0,"(297,46,409,188)",0.97,FAKE,processed_frames/20251009_133950/frame450_face0.jpg
451,0,"(299,48,407,186)",0.99,FAKE,processed_frames/20251009_133950/frame451_face0.jpg
452,0,"(296,46,408,187)",0.97,FAKE,processed_frames/20251009_133950/frame452_face0.jpg
453,0,"(292,45,411,189)",0.92,FAKE,processed_frames/20251009_133950/frame453_face0.jpg
454,0,"(290,43,410,189)",0.90,FAKE,processed_frames/20251009_133950/frame454_face0.jpg
455,0,"(294,47,409,186)",0.92,FAKE,processed_frames/20251009_133950/frame455_face0.jpg
456,0,"(296,47,413,190)",0.64,FAKE,processed_frames/20251009_133950/frame456_face0.jpg
457,0,"(293,45,413,191)",0.83,FAKE,processed_frames/20251009_133950/frame457_face0.jpg
458,0,"(294,48,411,189)",0.95,FAKE,processed_frames/20251009_133950/frame458_face0.jpg
459,0,"(294,47,413,191)",0.94,FAKE,processed_frames/20251009_133950/frame459_face0.jpg
460,0,"(296,48,412,191)",0.97,FAKE,processed_frames/20251009_133950/frame460_face0.jpg
461,0,"(294,51,411,191)",0.04,REAL,processed_frames/20251009_133950/frame461_face0.jpg
462,0,"(293,50,411,191)",0.04,REAL,processed_frames/20251009_133950/frame462_face0.jpg
463,0,"(292,50,412,192)",0.03,REAL,processed_frames/20251009_133950/frame463_face0.jpg
464,0,"(294,49,413,191)",0.32,REAL,processed_frames/20251009_133950/frame464_face0.jpg
465,0,"(295,50,414,191)",0.32,REAL,processed_frames/20251009_133950/frame465_face0.jpg
466,0,"(297,51,415,191)",0.65,FAKE,processed_frames/20251009_133950/frame466_face0.jpg
